<?xml version="1.0" encoding="UTF-8"?>
<!DOCTYPE mapper PUBLIC "-//mybatis.org//DTD Mapper 3.0//EN" "http://mybatis.org/dtd/mybatis-3-mapper.dtd" >
<mapper namespace="follow">
<resultMap id="followResultSet" type="follow">
	<result column = "USER_ID" property="userId"/>
	<result column = "MEMBER_ID" property="memberId"/>
	<result column = "STATUS" property="status"/>
</resultMap>
<select id = "checkFollowCount" parameterType ="string" resultType="int">
	SELECT COUNT(*)
	FROM FOLLOW
	WHERE USER_ID = #{userId} AND MEMBER_ID = #{memberId}
</select>
<select id ="checkFollow" parameterType="string" resultType="int">
	SELECT COUNT(*)
	FROM FOLLOW
	WHERE USER_ID = #{userId} AND MEMBER_ID = #{memberId} AND STATUS = 'Y'
</select>
<insert id ="insertFollow" parameterType="string">
	INSERT INTO FOLLOW
	VALUES(#{userId},#{memberId},'N')
</insert>
<update id="addFollow" parameterType="Follow">
    UPDATE FOLLOW
	SET STATUS = 'Y'
	WHERE USER_ID = #{userId} AND MEMBER_ID = #{memberId}
</update>

<update id ="unFollow" parameterType="string">
	UPDATE FOLLOW
	SET STATUS = 'N'
	WHERE USER_ID = #{userId} AND MEMBER_ID = #{memberId}
</update>
</mapper>