<?xml version="1.0" encoding="UTF-8"?>
<!DOCTYPE mapper PUBLIC "-//mybatis.org//DTD Mapper 3.0//EN" "http://mybatis.org/dtd/mybatis-3-mapper.dtd" >
<mapper namespace="member">
<resultMap id="memberResultSet" type="member">
	<id column = "USER_NO" property="userNo"/>
	<result column = "USER_ID" property="userId"/>
	<result column = "USER_PWD" property="userPwd"/>
	<result column = "USER_NAME" property="userName"/>
	<result column = "EMAIL" property="email"/>
	<result column = "ENROLL_DATE" property="enrollDate"/>
	<result column = "USER_INFO" property="userInfo"/>
	<result column = "STATUS" property="status"/>
</resultMap>

<insert id="insertMember">
	INSERT INTO MEMBER(USER_NO,USER_ID,USER_PWD,USER_NAME,EMAIL)
	VALUES(
		SEQ_USER_NO.NEXTVAL,#{userId},#{userPwd},#{userName},#{email}
	)
</insert>
<select id ="loginMember" parameterType="member" resultMap="memberResultSet">
	SELECT *
	FROM MEMBER
	WHERE USER_ID = #{userId} AND STATUS = 'Y'
</select>

<select id ="searchMembers" parameterType="string" resultMap="memberResultSet">
	SELECT *
	FROM MEMBER
	WHERE USER_ID LIKE '%'|| #{query}|| '%' AND STATUS ='Y'
</select>

<select id ="checkId" parameterType="string" resultType="int">
	SELECT COUNT(*)
	FROM MEMBER
	WHERE USER_ID = #{userId}
</select>

<select id ="checkName" parameterType="string" resultType="int">
	SELECT COUNT(*)
	FROM MEMBER
	WHERE USER_NAME = #{userName}
</select>

</mapper>